phenotype_id,symbol,variant_id,rs_id,source
ENSG00000135828.11,RNASEL,chr1:182590375:C:T,rs682585,independent_deg_snp
ENSG00000114904.12,NEK4,chr3:52550699:A:G,rs2878628,gwas_wide
ENSG00000277157.1,HIST1H4D,chr6:26183874:G:A,rs7766641,gwas_wide
ENSG00000186470.13,BTN3A2,chr6:26354019:G:A,rs9366653,gwas_wide
ENSG00000226314.7,ZNF192P1,chr6:28207375:G:T,rs1150694,gwas_wide
ENSG00000216901.1,ZNF603P,chr6:28128502:A:G,rs1654774,gwas_wide
ENSG00000187987.9,ZSCAN23,chr6:28273214:T:G,rs1778483,gwas_wide
ENSG00000230795.3,HLA-K,chr6:29861474:A:C,rs1611713,gwas_wide
ENSG00000137411.16,VARS2,chr6:30934095:C:G,rs3131786,gwas_wide
ENSG00000204540.10,PSORS1C1,chr6:31025536:C:T,rs1419664,gwas_wide
ENSG00000204257.14,HLA-DMA,chr6:32895181:C:G,rs72860374,gwas_wide
ENSG00000237742.6,RP11-624M8.1,chr6:125721432:G:A,rs1268064,independent_deg_snp
ENSG00000110455.13,ACCS,chr11:44066439:G:T,rs2074038,independent_deg_snp
ENSG00000110900.14,TSPAN11,chr12:30877206:T:C,rs11051131,independent_deg_snp
ENSG00000170545.16,SMAGP,chr12:51405576:T:G,rs60061083,independent_deg_snp
ENSG00000177990.11,DPY19L2,chr12:63702177:A:T,rs11175130,independent_deg_snp
ENSG00000166268.10,MYRFL,chr12:69708386:T:C,rs710709,independent_deg_snp
ENSG00000214425.7,LRRC37A4P,chr17:45701314:T:A,rs17688916,gwas_wide
ENSG00000264070.1,DND1P1,chr17:45910839:A:G,rs2435204,gwas_wide
ENSG00000263503.1,RP11-707O23.5,chr17:45817181:C:T,rs56357543,gwas_wide
ENSG00000204650.13,CRHR1-IT1,chr17:45887173:A:G,rs62055544,gwas_wide
ENSG00000214401.4,KANSL1-AS1,chr17:45817181:C:T,rs56357543,gwas_wide
ENSG00000176681.14,LRRC37A,chr17:45801942:A:G,rs80184151,gwas_wide
